<?xml version="1.0" encoding="UTF-8"?>
<project-private xmlns="http://www.netbeans.org/ns/project-private/1">
    <editor-bookmarks xmlns="http://www.netbeans.org/ns/editor-bookmarks/2" lastBookmarkId="0"/>
    <open-files xmlns="http://www.netbeans.org/ns/projectui-open-files/2">
        <group>
            <file>file:/C:/Users/rodri/OneDrive/Desktop/Proyectoprogra/ProyectoProgramado/IIProyectoProgramado/src/ordenes/ControladorOrdenTrabajo.java</file>
            <file>file:/C:/Users/rodri/OneDrive/Desktop/Proyectoprogra/ProyectoProgramado/IIProyectoProgramado/src/iiproyectoprogramado/VentanaPrincipal.java</file>
            <file>file:/C:/Users/rodri/OneDrive/Desktop/Proyectoprogra/ProyectoProgramado/IIProyectoProgramado/src/paneles/PanelOrdenes.java</file>
            <file>file:/C:/Users/rodri/OneDrive/Desktop/Proyectoprogra/ProyectoProgramado/IIProyectoProgramado/src/paneles/PanelServicios.java</file>
            <file>file:/C:/Users/rodri/OneDrive/Desktop/Proyectoprogra/ProyectoProgramado/IIProyectoProgramado/src/servicios/ControladorServicios.java</file>
        </group>
    </open-files>
</project-private>
